{
  "Up": 3.3750000000000568,
  "Down": 3.3750000000000551,
  "Left": 3.3750000000000613,
  "Right": 3.3750000000000595,
  "car counts": [
    0,
    0,
    0,
    4,
    4,
    7,
    12,
    12,
    14,
    12,
    14,
    13,
    14,
    18,
    17
  ]
}